{"cameraMode":{"drawMode":0,"name":"Shaded","section":"Shading Mode"},"sceneLighting":false,"audioPlay":false,"sceneViewState":{"m_AlwaysRefresh":false,"showFog":true,"showSkybox":false,"showFlares":true,"showImageEffects":true,"showParticleSystems":true,"showVisualEffectGraphs":true,"m_FxEnabled":true},"in2DMode":false,"pivot":{"x":-0.007632449269294739,"y":0.027819812297821046,"z":0.015727639198303224},"rotation":{"x":-0.24049128592014314,"y":-0.05761971324682236,"z":0.014302445575594902,"w":-0.9688355922698975},"size":0.30049556493759158,"orthographic":false}