{"cameraMode":{"drawMode":0,"name":"Shaded","section":"Shading Mode"},"sceneLighting":false,"audioPlay":false,"sceneViewState":{"m_AlwaysRefresh":false,"showFog":true,"showSkybox":true,"showFlares":true,"showImageEffects":true,"showParticleSystems":true,"showVisualEffectGraphs":true,"m_FxEnabled":true},"in2DMode":false,"pivot":{"x":8.74604320526123,"y":15.018155097961426,"z":23.032730102539064},"rotation":{"x":0.010500473901629448,"y":0.0044990843161940578,"z":-0.000036853132769465446,"w":0.9999744296073914},"size":38.51297378540039,"orthographic":false}