{"cameraMode":{"drawMode":0,"name":"Shaded","section":"Shading Mode"},"sceneLighting":false,"audioPlay":false,"sceneViewState":{"m_AlwaysRefresh":false,"showFog":true,"showSkybox":true,"showFlares":true,"showImageEffects":true,"showParticleSystems":true,"showVisualEffectGraphs":true,"m_FxEnabled":true},"in2DMode":false,"pivot":{"x":-15.29313850402832,"y":1.2719578742980958,"z":0.9379738569259644},"rotation":{"x":0.026996739208698274,"y":0.0014994387747719885,"z":-0.000040445658669341356,"w":0.999635636806488},"size":4.342291831970215,"orthographic":false}