{"cameraMode":{"drawMode":0,"name":"Shaded","section":"Shading Mode"},"sceneLighting":true,"audioPlay":false,"sceneViewState":{"m_AlwaysRefresh":false,"showFog":true,"showSkybox":true,"showFlares":true,"showImageEffects":true,"showParticleSystems":true,"showVisualEffectGraphs":true,"m_FxEnabled":true},"in2DMode":false,"pivot":{"x":-9.984804153442383,"y":-130.24868774414063,"z":-0.9560999274253845},"rotation":{"x":0.1955321878194809,"y":-0.01030177902430296,"z":0.0020554466173052789,"w":0.9806477427482605},"size":4.83998966217041,"orthographic":false}