{"cameraMode":{"drawMode":0,"name":"Shaded","section":"Shading Mode"},"sceneLighting":true,"audioPlay":false,"sceneViewState":{"m_AlwaysRefresh":false,"showFog":true,"showSkybox":true,"showFlares":true,"showImageEffects":true,"showParticleSystems":true,"showVisualEffectGraphs":true,"m_FxEnabled":true},"in2DMode":false,"pivot":{"x":-4.619762420654297,"y":4.05863094329834,"z":-9.499335289001465},"rotation":{"x":0.12297989428043366,"y":0.01845364086329937,"z":-0.0022816902492195369,"w":0.9922641515731812},"size":3.6092379093170168,"orthographic":false}