{"cameraMode":{"drawMode":0,"name":"Shaded","section":"Shading Mode"},"sceneLighting":true,"audioPlay":false,"sceneViewState":{"m_AlwaysRefresh":false,"showFog":true,"showSkybox":true,"showFlares":true,"showImageEffects":true,"showParticleSystems":true,"showVisualEffectGraphs":true,"m_FxEnabled":true},"in2DMode":false,"pivot":{"x":5.774890422821045,"y":4.8221259117126469,"z":6.993873596191406},"rotation":{"x":-0.12000328302383423,"y":-0.020266080275177957,"z":0.0023242905735969545,"w":-0.9926189184188843},"size":20.42841339111328,"orthographic":false}