{"cameraMode":{"drawMode":0,"name":"Shaded","section":"Shading Mode"},"sceneLighting":false,"audioPlay":false,"sceneViewState":{"m_AlwaysRefresh":false,"showFog":true,"showSkybox":true,"showFlares":true,"showImageEffects":true,"showParticleSystems":true,"showVisualEffectGraphs":true,"m_FxEnabled":true},"in2DMode":false,"pivot":{"x":39.19725036621094,"y":39.35443878173828,"z":-265.84210205078127},"rotation":{"x":-0.10624376684427262,"y":-0.033997684717178348,"z":0.0035935111809521915,"w":-0.9938037991523743},"size":8.119928359985352,"orthographic":false}