{"cameraMode":{"drawMode":0,"name":"Shaded","section":"Shading Mode"},"sceneLighting":false,"audioPlay":false,"sceneViewState":{"m_AlwaysRefresh":false,"showFog":true,"showSkybox":true,"showFlares":true,"showImageEffects":true,"showParticleSystems":true,"showVisualEffectGraphs":true,"m_FxEnabled":true},"in2DMode":false,"pivot":{"x":-0.9629178047180176,"y":1.1625458002090455,"z":2.978966236114502},"rotation":{"x":0.08538267016410828,"y":0.01793299987912178,"z":-0.0015373863279819489,"w":0.9961907863616943},"size":11.037123680114746,"orthographic":false}