{"cameraMode":{"drawMode":0,"name":"Shaded","section":"Shading Mode"},"sceneLighting":true,"audioPlay":false,"sceneViewState":{"m_AlwaysRefresh":false,"showFog":true,"showSkybox":true,"showFlares":true,"showImageEffects":true,"showParticleSystems":true,"showVisualEffectGraphs":true,"m_FxEnabled":true},"in2DMode":false,"pivot":{"x":3.1103029251098635,"y":4.417941093444824,"z":51.399898529052737},"rotation":{"x":-0.014108913019299508,"y":-0.007802887819707394,"z":0.00011197799176443368,"w":-0.9998745322227478},"size":33.96599578857422,"orthographic":false}