{"cameraMode":{"drawMode":0,"name":"Shaded","section":"Shading Mode"},"sceneLighting":false,"audioPlay":false,"sceneViewState":{"m_AlwaysRefresh":false,"showFog":true,"showSkybox":true,"showFlares":true,"showImageEffects":true,"showParticleSystems":true,"showVisualEffectGraphs":true,"m_FxEnabled":true},"in2DMode":false,"pivot":{"x":-9.292304039001465,"y":1.8529529571533204,"z":0.5881240963935852},"rotation":{"x":0.06595460325479508,"y":0.0029939350206404926,"z":-0.00017794551968108863,"w":0.9978550672531128},"size":2.023763418197632,"orthographic":false}