{"cameraMode":{"drawMode":0,"name":"Shaded","section":"Shading Mode"},"sceneLighting":false,"audioPlay":false,"sceneViewState":{"m_AlwaysRefresh":false,"showFog":true,"showSkybox":true,"showFlares":true,"showImageEffects":true,"showParticleSystems":true,"showVisualEffectGraphs":true,"m_FxEnabled":true},"in2DMode":false,"pivot":{"x":44.80590057373047,"y":40.901954650878909,"z":-270.6440124511719},"rotation":{"x":-0.03898487240076065,"y":-0.02067730948328972,"z":0.00076706288382411,"w":-0.9990763664245606},"size":12.591747283935547,"orthographic":false}