{"cameraMode":{"drawMode":0,"name":"Shaded","section":"Shading Mode"},"sceneLighting":false,"audioPlay":false,"sceneViewState":{"m_AlwaysRefresh":false,"showFog":true,"showSkybox":true,"showFlares":true,"showImageEffects":true,"showParticleSystems":true,"showVisualEffectGraphs":true,"m_FxEnabled":true},"in2DMode":false,"pivot":{"x":-2.251877546310425,"y":4.451709270477295,"z":-10.996735572814942},"rotation":{"x":0.034493379294872287,"y":0.002997869858518243,"z":-0.00010382463369751349,"w":0.9994053840637207},"size":1.9153568744659424,"orthographic":false}