{"cameraMode":{"drawMode":0,"name":"Shaded","section":"Shading Mode"},"sceneLighting":false,"audioPlay":false,"sceneViewState":{"m_AlwaysRefresh":false,"showFog":true,"showSkybox":true,"showFlares":true,"showImageEffects":true,"showParticleSystems":true,"showVisualEffectGraphs":true,"m_FxEnabled":true},"in2DMode":false,"pivot":{"x":45.65892028808594,"y":40.40441131591797,"z":-271.616943359375},"rotation":{"x":-0.01649365946650505,"y":0.026095405220985414,"z":0.0004306285991333425,"w":0.9995242953300476},"size":7.5260701179504398,"orthographic":false}