{"cameraMode":{"drawMode":0,"name":"Shaded","section":"Shading Mode"},"sceneLighting":true,"audioPlay":false,"sceneViewState":{"m_AlwaysRefresh":false,"showFog":true,"showSkybox":true,"showFlares":true,"showImageEffects":true,"showParticleSystems":true,"showVisualEffectGraphs":true,"m_FxEnabled":true},"in2DMode":false,"pivot":{"x":-24.434314727783204,"y":-18.733701705932618,"z":149.64443969726563},"rotation":{"x":0.09130842238664627,"y":0.03733433783054352,"z":-0.003428639145568013,"w":0.995121419429779},"size":88.02300262451172,"orthographic":false}