{"cameraMode":{"drawMode":0,"name":"Shaded","section":"Shading Mode"},"sceneLighting":false,"audioPlay":false,"sceneViewState":{"m_AlwaysRefresh":false,"showFog":true,"showSkybox":true,"showFlares":true,"showImageEffects":true,"showParticleSystems":true,"showVisualEffectGraphs":true,"m_FxEnabled":true},"in2DMode":false,"pivot":{"x":34.521751403808597,"y":6.737603664398193,"z":19.228153228759767},"rotation":{"x":0.07342419773340225,"y":0.016454920172691346,"z":-0.0012114309938624502,"w":0.9971650838851929},"size":27.122268676757814,"orthographic":false}