{"cameraMode":{"drawMode":0,"name":"Shaded","section":"Shading Mode"},"sceneLighting":true,"audioPlay":false,"sceneViewState":{"m_AlwaysRefresh":false,"showFog":true,"showSkybox":true,"showFlares":true,"showImageEffects":true,"showParticleSystems":true,"showVisualEffectGraphs":true,"m_FxEnabled":true},"in2DMode":false,"pivot":{"x":48.08901596069336,"y":6.457736492156982,"z":-0.5534725189208984},"rotation":{"x":-0.16875825822353364,"y":-0.05261090397834778,"z":0.009013759903609753,"w":-0.9842397570610046},"size":3.879500150680542,"orthographic":false}