{"cameraMode":{"drawMode":0,"name":"Shaded","section":"Shading Mode"},"sceneLighting":false,"audioPlay":false,"sceneViewState":{"m_AlwaysRefresh":false,"showFog":true,"showSkybox":true,"showFlares":true,"showImageEffects":true,"showParticleSystems":true,"showVisualEffectGraphs":true,"m_FxEnabled":true},"in2DMode":false,"pivot":{"x":31.233633041381837,"y":39.16105651855469,"z":-268.66986083984377},"rotation":{"x":0.15500429272651673,"y":-0.0681123360991478,"z":0.010703631676733494,"w":0.9855398535728455},"size":10.736557960510254,"orthographic":false}