{"cameraMode":{"drawMode":0,"name":"Shaded","section":"Shading Mode"},"sceneLighting":true,"audioPlay":false,"sceneViewState":{"m_AlwaysRefresh":false,"showFog":true,"showSkybox":true,"showFlares":true,"showImageEffects":true,"showParticleSystems":true,"showVisualEffectGraphs":true,"m_FxEnabled":true},"in2DMode":false,"pivot":{"x":-1.3640003204345704,"y":2.02839994430542,"z":0.019983410835266115},"rotation":{"x":0.038988154381513599,"y":-0.010196100920438767,"z":0.00039782116073183715,"w":0.9991883635520935},"size":5.373630046844482,"orthographic":false}