{"cameraMode":{"drawMode":0,"name":"Shaded","section":"Shading Mode"},"sceneLighting":false,"audioPlay":false,"sceneViewState":{"m_AlwaysRefresh":false,"showFog":true,"showSkybox":true,"showFlares":true,"showImageEffects":true,"showParticleSystems":true,"showVisualEffectGraphs":true,"m_FxEnabled":true},"in2DMode":false,"pivot":{"x":21.766931533813478,"y":0.7597806453704834,"z":-20.137266159057618},"rotation":{"x":-0.002923638094216585,"y":0.991065502166748,"z":-0.13158556818962098,"w":-0.02200854755938053},"size":1.8907732963562012,"orthographic":false}