{"cameraMode":{"drawMode":0,"name":"Shaded","section":"Shading Mode"},"sceneLighting":true,"audioPlay":false,"sceneViewState":{"m_AlwaysRefresh":false,"showFog":true,"showSkybox":true,"showFlares":true,"showImageEffects":true,"showParticleSystems":true,"showVisualEffectGraphs":true,"m_FxEnabled":true},"in2DMode":false,"pivot":{"x":19.149456024169923,"y":2.053938865661621,"z":-1.7968816757202149},"rotation":{"x":0.049415551126003268,"y":0.05091559514403343,"z":-0.0025248839519917967,"w":0.9974828362464905},"size":4.508981704711914,"orthographic":false}