{"cameraMode":{"drawMode":0,"name":"Shaded","section":"Shading Mode"},"sceneLighting":false,"audioPlay":false,"sceneViewState":{"m_AlwaysRefresh":false,"showFog":true,"showSkybox":true,"showFlares":true,"showImageEffects":true,"showParticleSystems":true,"showVisualEffectGraphs":true,"m_FxEnabled":true},"in2DMode":false,"pivot":{"x":-0.4759432077407837,"y":4.948105812072754,"z":108.68183135986328},"rotation":{"x":0.019499115645885469,"y":-0.0059997569769620899,"z":0.00010893408762058243,"w":0.9998263120651245},"size":75.72859954833985,"orthographic":false}