{"cameraMode":{"drawMode":0,"name":"Shaded","section":"Shading Mode"},"sceneLighting":true,"audioPlay":false,"sceneViewState":{"m_AlwaysRefresh":false,"showFog":true,"showSkybox":true,"showFlares":true,"showImageEffects":true,"showParticleSystems":true,"showVisualEffectGraphs":true,"m_FxEnabled":true},"in2DMode":false,"pivot":{"x":34.429100036621097,"y":56.629947662353519,"z":-2.616297721862793},"rotation":{"x":-0.013189715333282948,"y":-0.009904623031616211,"z":-0.00012640324712265283,"w":0.99989253282547},"size":94.88141632080078,"orthographic":false}