{"cameraMode":{"drawMode":0,"name":"Shaded","section":"Shading Mode"},"sceneLighting":false,"audioPlay":false,"sceneViewState":{"m_AlwaysRefresh":false,"showFog":true,"showSkybox":true,"showFlares":true,"showImageEffects":true,"showParticleSystems":true,"showVisualEffectGraphs":true,"m_FxEnabled":true},"in2DMode":false,"pivot":{"x":-8.718244552612305,"y":1.8236522674560547,"z":0.900403618812561},"rotation":{"x":0.034493379294872287,"y":0.002997869858518243,"z":-0.00010382463369751349,"w":0.9994053840637207},"size":4.042291641235352,"orthographic":false}