{"cameraMode":{"drawMode":0,"name":"Shaded","section":"Shading Mode"},"sceneLighting":true,"audioPlay":false,"sceneViewState":{"m_AlwaysRefresh":false,"showFog":true,"showSkybox":true,"showFlares":true,"showImageEffects":true,"showParticleSystems":true,"showVisualEffectGraphs":true,"m_FxEnabled":true},"in2DMode":false,"pivot":{"x":1.408403992652893,"y":-1.2689874172210694,"z":43.53509521484375},"rotation":{"x":-0.027605120092630388,"y":-0.009299557656049729,"z":0.00025760591961443424,"w":-0.9995802044868469},"size":30.638771057128908,"orthographic":false}