{"cameraMode":{"drawMode":0,"name":"Shaded","section":"Shading Mode"},"sceneLighting":false,"audioPlay":false,"sceneViewState":{"m_AlwaysRefresh":false,"showFog":true,"showSkybox":true,"showFlares":true,"showImageEffects":true,"showParticleSystems":true,"showVisualEffectGraphs":true,"m_FxEnabled":true},"in2DMode":false,"pivot":{"x":-1.7798243761062623,"y":0.6638861894607544,"z":19.890201568603517},"rotation":{"x":0.06534012407064438,"y":0.02065357379615307,"z":-0.0013541709631681443,"w":0.9976649284362793},"size":23.168277740478517,"orthographic":false}