{"cameraMode":{"drawMode":0,"name":"Shaded","section":"Shading Mode"},"sceneLighting":false,"audioPlay":false,"sceneViewState":{"m_AlwaysRefresh":false,"showFog":true,"showSkybox":true,"showFlares":true,"showImageEffects":true,"showParticleSystems":true,"showVisualEffectGraphs":true,"m_FxEnabled":true},"in2DMode":false,"pivot":{"x":30.554224014282228,"y":5.808304309844971,"z":-6.288990020751953},"rotation":{"x":0.026996739208698274,"y":0.0014994387747719885,"z":-0.000040445658669341356,"w":0.999635636806488},"size":4.900345325469971,"orthographic":false}