{"cameraMode":{"drawMode":0,"name":"Shaded","section":"Shading Mode"},"sceneLighting":true,"audioPlay":false,"sceneViewState":{"m_AlwaysRefresh":false,"showFog":true,"showSkybox":true,"showFlares":true,"showImageEffects":true,"showParticleSystems":true,"showVisualEffectGraphs":true,"m_FxEnabled":true},"in2DMode":false,"pivot":{"x":-0.891615629196167,"y":0.5706888437271118,"z":-5.172804832458496},"rotation":{"x":-0.014108913019299508,"y":-0.007802887819707394,"z":0.00011197799176443368,"w":-0.9998745322227478},"size":4.731679916381836,"orthographic":false}