{"cameraMode":{"drawMode":0,"name":"Shaded","section":"Shading Mode"},"sceneLighting":true,"audioPlay":false,"sceneViewState":{"m_AlwaysRefresh":false,"showFog":true,"showSkybox":true,"showFlares":true,"showImageEffects":true,"showParticleSystems":true,"showVisualEffectGraphs":true,"m_FxEnabled":true},"in2DMode":false,"pivot":{"x":-4.1716766357421879,"y":1.9341280460357667,"z":0.019983410835266115},"rotation":{"x":0.1701706349849701,"y":0.0034495247527956964,"z":-0.0005946753663010895,"w":0.9854278564453125},"size":2.4492125511169435,"orthographic":false}