{"cameraMode":{"drawMode":0,"name":"Shaded","section":"Shading Mode"},"sceneLighting":false,"audioPlay":false,"sceneViewState":{"m_AlwaysRefresh":false,"showFog":true,"showSkybox":true,"showFlares":true,"showImageEffects":true,"showParticleSystems":true,"showVisualEffectGraphs":true,"m_FxEnabled":true},"in2DMode":false,"pivot":{"x":1.0259313583374024,"y":11.170231819152832,"z":-4.695618152618408},"rotation":{"x":-0.1251281350851059,"y":0.18838760256767274,"z":-0.024318374693393709,"w":-0.9738555550575256},"size":13.835675239562989,"orthographic":false}