{"cameraMode":{"drawMode":0,"name":"Shaded","section":"Shading Mode"},"sceneLighting":true,"audioPlay":false,"sceneViewState":{"m_AlwaysRefresh":false,"showFog":true,"showSkybox":true,"showFlares":true,"showImageEffects":true,"showParticleSystems":true,"showVisualEffectGraphs":true,"m_FxEnabled":true},"in2DMode":false,"pivot":{"x":11.47335433959961,"y":0.26148414611816409,"z":2.2014341354370119},"rotation":{"x":0.22986355423927308,"y":0.22436381876468659,"z":-0.05455310642719269,"w":0.9454469680786133},"size":19.53128433227539,"orthographic":false}