{"cameraMode":{"drawMode":0,"name":"Shaded","section":"Shading Mode"},"sceneLighting":false,"audioPlay":false,"sceneViewState":{"m_AlwaysRefresh":false,"showFog":true,"showSkybox":false,"showFlares":true,"showImageEffects":true,"showParticleSystems":true,"showVisualEffectGraphs":true,"m_FxEnabled":true},"in2DMode":false,"pivot":{"x":40.61693572998047,"y":0.8513399362564087,"z":-0.21027489006519319},"rotation":{"x":-0.19983546435832978,"y":0.09799814969301224,"z":-0.020086219534277917,"w":-0.9747492074966431},"size":1.5125735998153687,"orthographic":false}