{"cameraMode":{"drawMode":0,"name":"Shaded","section":"Shading Mode"},"sceneLighting":false,"audioPlay":false,"sceneViewState":{"m_AlwaysRefresh":false,"showFog":true,"showSkybox":false,"showFlares":true,"showImageEffects":true,"showParticleSystems":true,"showVisualEffectGraphs":true,"m_FxEnabled":true},"in2DMode":false,"pivot":{"x":44.437015533447269,"y":1.4974620342254639,"z":-2.1913750171661379},"rotation":{"x":-0.19983546435832978,"y":0.09799814969301224,"z":-0.020086219534277917,"w":-0.9747492074966431},"size":2.7405686378479006,"orthographic":false}