{"cameraMode":{"drawMode":0,"name":"Shaded","section":"Shading Mode"},"sceneLighting":false,"audioPlay":false,"sceneViewState":{"m_AlwaysRefresh":false,"showFog":true,"showSkybox":false,"showFlares":true,"showImageEffects":true,"showParticleSystems":true,"showVisualEffectGraphs":true,"m_FxEnabled":true},"in2DMode":false,"pivot":{"x":26.874713897705079,"y":2.441617012023926,"z":0.10620367527008057},"rotation":{"x":-0.20326298475265504,"y":0.13580165803432465,"z":-0.028475040569901468,"w":-0.9692783951759338},"size":2.7231080532073976,"orthographic":false}