{"cameraMode":{"drawMode":0,"name":"Shaded","section":"Shading Mode"},"sceneLighting":true,"audioPlay":false,"sceneViewState":{"m_AlwaysRefresh":false,"showFog":true,"showSkybox":true,"showFlares":true,"showImageEffects":true,"showParticleSystems":true,"showVisualEffectGraphs":true,"m_FxEnabled":true},"in2DMode":false,"pivot":{"x":58.31809997558594,"y":41.00570297241211,"z":-272.48699951171877},"rotation":{"x":0.17637145519256593,"y":0.01655782386660576,"z":-0.0029036817140877249,"w":0.9842513799667358},"size":1.6428699493408204,"orthographic":false}