{"cameraMode":{"drawMode":0,"name":"Shaded","section":"Shading Mode"},"sceneLighting":true,"audioPlay":false,"sceneViewState":{"m_AlwaysRefresh":false,"showFog":true,"showSkybox":true,"showFlares":true,"showImageEffects":true,"showParticleSystems":true,"showVisualEffectGraphs":true,"m_FxEnabled":true},"in2DMode":false,"pivot":{"x":-38.847450256347659,"y":0.7022943496704102,"z":7.482414245605469},"rotation":{"x":-0.22486884891986848,"y":-0.005264098756015301,"z":0.0012147892266511918,"w":-0.9743840098381043},"size":21.247262954711915,"orthographic":false}