{"cameraMode":{"drawMode":0,"name":"Shaded","section":"Shading Mode"},"sceneLighting":false,"audioPlay":false,"sceneViewState":{"m_AlwaysRefresh":false,"showFog":true,"showSkybox":true,"showFlares":true,"showImageEffects":true,"showParticleSystems":true,"showVisualEffectGraphs":true,"m_FxEnabled":true},"in2DMode":false,"pivot":{"x":42.335697174072269,"y":1.7518525123596192,"z":-1.8043022155761719},"rotation":{"x":-0.12136568129062653,"y":0.048218388110399249,"z":-0.005902716424316168,"w":-0.9914199113845825},"size":6.796739101409912,"orthographic":false}