{"cameraMode":{"drawMode":0,"name":"Shaded","section":"Shading Mode"},"sceneLighting":false,"audioPlay":false,"sceneViewState":{"m_AlwaysRefresh":false,"showFog":true,"showSkybox":true,"showFlares":true,"showImageEffects":true,"showParticleSystems":true,"showVisualEffectGraphs":true,"m_FxEnabled":true},"in2DMode":false,"pivot":{"x":-6.7327470779418949,"y":-2.597846031188965,"z":23.821584701538087},"rotation":{"x":-0.12136568129062653,"y":0.048218388110399249,"z":-0.005902716424316168,"w":-0.9914199113845825},"size":34.908241271972659,"orthographic":false}