{"cameraMode":{"drawMode":0,"name":"Shaded","section":"Shading Mode"},"sceneLighting":true,"audioPlay":false,"sceneViewState":{"m_AlwaysRefresh":false,"showFog":true,"showSkybox":true,"showFlares":true,"showImageEffects":true,"showParticleSystems":true,"showVisualEffectGraphs":true,"m_FxEnabled":true},"in2DMode":false,"pivot":{"x":24.428253173828126,"y":5.389333724975586,"z":-29.56670379638672},"rotation":{"x":-0.17909647524356843,"y":-0.05103930085897446,"z":0.009299286641180516,"w":-0.9824815988540649},"size":30.616107940673829,"orthographic":false}