{"cameraMode":{"drawMode":0,"name":"Shaded","section":"Shading Mode"},"sceneLighting":false,"audioPlay":false,"sceneViewState":{"m_AlwaysRefresh":false,"showFog":true,"showSkybox":true,"showFlares":true,"showImageEffects":true,"showParticleSystems":true,"showVisualEffectGraphs":true,"m_FxEnabled":true},"in2DMode":false,"pivot":{"x":71.31983947753906,"y":0.09557846188545227,"z":4.9268951416015629},"rotation":{"x":0.11079210042953491,"y":-0.005085805896669626,"z":0.0004202855343464762,"w":0.9939256310462952},"size":3.7040302753448488,"orthographic":false}