{"cameraMode":{"drawMode":0,"name":"Shaded","section":"Shading Mode"},"sceneLighting":true,"audioPlay":false,"sceneViewState":{"m_AlwaysRefresh":false,"showFog":true,"showSkybox":true,"showFlares":true,"showImageEffects":true,"showParticleSystems":true,"showVisualEffectGraphs":true,"m_FxEnabled":true},"in2DMode":false,"pivot":{"x":-5.037229537963867,"y":6.4535675048828129,"z":3.5351171493530275},"rotation":{"x":-0.002102042781189084,"y":-0.004500034265220165,"z":-0.000007610523880430264,"w":0.9999986886978149},"size":21.552845001220704,"orthographic":false}