{"cameraMode":{"drawMode":0,"name":"Shaded","section":"Shading Mode"},"sceneLighting":true,"audioPlay":false,"sceneViewState":{"m_AlwaysRefresh":false,"showFog":true,"showSkybox":true,"showFlares":true,"showImageEffects":true,"showParticleSystems":true,"showVisualEffectGraphs":true,"m_FxEnabled":true},"in2DMode":false,"pivot":{"x":4.28964376449585,"y":-3.60690975189209,"z":13.124545097351075},"rotation":{"x":-0.08121976256370545,"y":0.0035859509371221067,"z":-0.00029082910623401403,"w":-0.9966962933540344},"size":13.151264190673829,"orthographic":false}