{"cameraMode":{"drawMode":0,"name":"Shaded","section":"Shading Mode"},"sceneLighting":true,"audioPlay":false,"sceneViewState":{"m_AlwaysRefresh":false,"showFog":true,"showSkybox":true,"showFlares":true,"showImageEffects":true,"showParticleSystems":true,"showVisualEffectGraphs":true,"m_FxEnabled":true},"in2DMode":false,"pivot":{"x":40.73698043823242,"y":35.92030715942383,"z":-254.91334533691407},"rotation":{"x":0.1716056913137436,"y":0.04435206949710846,"z":-0.00781107135117054,"w":0.9841393232345581},"size":12.737854957580567,"orthographic":false}