{"cameraMode":{"drawMode":0,"name":"Shaded","section":"Shading Mode"},"sceneLighting":true,"audioPlay":false,"sceneViewState":{"m_AlwaysRefresh":false,"showFog":true,"showSkybox":true,"showFlares":true,"showImageEffects":true,"showParticleSystems":true,"showVisualEffectGraphs":true,"m_FxEnabled":true},"in2DMode":false,"pivot":{"x":77.91466522216797,"y":-0.2334616780281067,"z":27.857763290405275},"rotation":{"x":-0.14529360830783845,"y":0.0005909685860387981,"z":-0.00008657506987219676,"w":-0.989391565322876},"size":3.8788530826568605,"orthographic":false}