{"cameraMode":{"drawMode":0,"name":"Shaded","section":"Shading Mode"},"sceneLighting":true,"audioPlay":false,"sceneViewState":{"m_AlwaysRefresh":false,"showFog":true,"showSkybox":true,"showFlares":true,"showImageEffects":true,"showParticleSystems":true,"showVisualEffectGraphs":true,"m_FxEnabled":true},"in2DMode":false,"pivot":{"x":-13.734573364257813,"y":-0.3469986915588379,"z":10.92805004119873},"rotation":{"x":-0.21022893488407136,"y":-0.003815160831436515,"z":0.000820948276668787,"w":-0.9776499271392822},"size":13.270169258117676,"orthographic":false}