{"cameraMode":{"drawMode":0,"name":"Shaded","section":"Shading Mode"},"sceneLighting":true,"audioPlay":false,"sceneViewState":{"m_AlwaysRefresh":false,"showFog":true,"showSkybox":true,"showFlares":true,"showImageEffects":true,"showParticleSystems":true,"showVisualEffectGraphs":true,"m_FxEnabled":true},"in2DMode":false,"pivot":{"x":-4.909764766693115,"y":5.338746070861816,"z":-9.858192443847657},"rotation":{"x":0.01168985664844513,"y":0.005097117740660906,"z":0.00005967545439489186,"w":-0.9999183416366577},"size":6.369359493255615,"orthographic":false}