{"cameraMode":{"drawMode":0,"name":"Shaded","section":"Shading Mode"},"sceneLighting":true,"audioPlay":false,"sceneViewState":{"m_AlwaysRefresh":false,"showFog":true,"showSkybox":true,"showFlares":true,"showImageEffects":true,"showParticleSystems":true,"showVisualEffectGraphs":true,"m_FxEnabled":true},"in2DMode":false,"pivot":{"x":-28.156984329223634,"y":-9.331417083740235,"z":0.5989999771118164},"rotation":{"x":0.18807250261306764,"y":0.19017449021339417,"z":-0.037144213914871219,"w":0.9628593325614929},"size":20.96871566772461,"orthographic":false}