{"cameraMode":{"drawMode":0,"name":"Shaded","section":"Shading Mode"},"sceneLighting":true,"audioPlay":false,"sceneViewState":{"m_AlwaysRefresh":false,"showFog":true,"showSkybox":true,"showFlares":true,"showImageEffects":true,"showParticleSystems":true,"showVisualEffectGraphs":true,"m_FxEnabled":true},"in2DMode":false,"pivot":{"x":40.18006134033203,"y":41.431583404541019,"z":-275.70538330078127},"rotation":{"x":-0.23608456552028657,"y":-0.23517775535583497,"z":0.059016481041908267,"w":-0.9410291314125061},"size":4.466025352478027,"orthographic":false}