{"cameraMode":{"drawMode":0,"name":"Shaded","section":"Shading Mode"},"sceneLighting":false,"audioPlay":false,"sceneViewState":{"m_AlwaysRefresh":false,"showFog":true,"showSkybox":true,"showFlares":true,"showImageEffects":true,"showParticleSystems":true,"showVisualEffectGraphs":true,"m_FxEnabled":true},"in2DMode":false,"pivot":{"x":25.587055206298829,"y":2.7085211277008058,"z":2.231584310531616},"rotation":{"x":-0.28011614084243777,"y":0.11170715093612671,"z":-0.032838258892297748,"w":-0.9528939127922058},"size":7.794131755828857,"orthographic":false}