{"cameraMode":{"drawMode":0,"name":"Shaded","section":"Shading Mode"},"sceneLighting":false,"audioPlay":false,"sceneViewState":{"m_AlwaysRefresh":false,"showFog":true,"showSkybox":true,"showFlares":true,"showImageEffects":true,"showParticleSystems":true,"showVisualEffectGraphs":true,"m_FxEnabled":true},"in2DMode":false,"pivot":{"x":31.62505340576172,"y":13.300698280334473,"z":2.067140579223633},"rotation":{"x":-0.016482854261994363,"y":-0.19609586894512177,"z":0.0032964034471660854,"w":-0.9804429411888123},"size":15.75886344909668,"orthographic":false}