{"cameraMode":{"drawMode":0,"name":"Shaded","section":"Shading Mode"},"sceneLighting":true,"audioPlay":false,"sceneViewState":{"m_AlwaysRefresh":false,"showFog":true,"showSkybox":true,"showFlares":true,"showImageEffects":true,"showParticleSystems":true,"showVisualEffectGraphs":true,"m_FxEnabled":true},"in2DMode":false,"pivot":{"x":22.59597396850586,"y":-36.03916549682617,"z":92.51092529296875},"rotation":{"x":-0.17509447038173676,"y":-0.11871805787086487,"z":0.021272866055369378,"w":-0.9771375060081482},"size":55.032630920410159,"orthographic":false}