{"cameraMode":{"drawMode":0,"name":"Shaded","section":"Shading Mode"},"sceneLighting":true,"audioPlay":false,"sceneViewState":{"m_AlwaysRefresh":false,"showFog":true,"showSkybox":true,"showFlares":true,"showImageEffects":true,"showParticleSystems":true,"showVisualEffectGraphs":true,"m_FxEnabled":true},"in2DMode":false,"pivot":{"x":-170.77972412109376,"y":-6.666780471801758,"z":11.26888656616211},"rotation":{"x":-0.24049128592014314,"y":-0.05761971324682236,"z":0.014302445575594902,"w":-0.9688355922698975},"size":28.69188690185547,"orthographic":false}