{"cameraMode":{"drawMode":0,"name":"Shaded","section":"Shading Mode"},"sceneLighting":true,"audioPlay":false,"sceneViewState":{"m_AlwaysRefresh":false,"showFog":true,"showSkybox":true,"showFlares":true,"showImageEffects":true,"showParticleSystems":true,"showVisualEffectGraphs":true,"m_FxEnabled":true},"in2DMode":false,"pivot":{"x":-170.25271606445313,"y":13.040557861328125,"z":-0.032146453857421878},"rotation":{"x":-0.3845885694026947,"y":0.0793246254324913,"z":-0.033195510506629947,"w":-0.9190791845321655},"size":5.062709331512451,"orthographic":false}