{"cameraMode":{"drawMode":0,"name":"Shaded","section":"Shading Mode"},"sceneLighting":false,"audioPlay":false,"sceneViewState":{"m_AlwaysRefresh":false,"showFog":true,"showSkybox":true,"showFlares":true,"showImageEffects":true,"showParticleSystems":true,"showVisualEffectGraphs":true,"m_FxEnabled":true},"in2DMode":false,"pivot":{"x":52.139217376708987,"y":-3.95101261138916,"z":11.095499038696289},"rotation":{"x":-0.34351128339767458,"y":0.19435705244541169,"z":-0.07289275527000427,"w":-0.9159213900566101},"size":28.470117568969728,"orthographic":false}