{"cameraMode":{"drawMode":0,"name":"Shaded","section":"Shading Mode"},"sceneLighting":true,"audioPlay":false,"sceneViewState":{"m_AlwaysRefresh":false,"showFog":true,"showSkybox":true,"showFlares":true,"showImageEffects":true,"showParticleSystems":true,"showVisualEffectGraphs":true,"m_FxEnabled":true},"in2DMode":false,"pivot":{"x":-24.725379943847658,"y":3.6238808631896974,"z":-2.002379894256592},"rotation":{"x":-0.03830218315124512,"y":0.07158394157886505,"z":-0.0027512202505022289,"w":-0.9967083930969238},"size":9.320978164672852,"orthographic":false}