{"cameraMode":{"drawMode":0,"name":"Shaded","section":"Shading Mode"},"sceneLighting":true,"audioPlay":false,"sceneViewState":{"m_AlwaysRefresh":false,"showFog":true,"showSkybox":true,"showFlares":true,"showImageEffects":true,"showParticleSystems":true,"showVisualEffectGraphs":true,"m_FxEnabled":true},"in2DMode":false,"pivot":{"x":47.8351936340332,"y":41.89043426513672,"z":-270.2392883300781},"rotation":{"x":-0.20963704586029054,"y":0.011438533663749695,"z":-0.0024582152254879476,"w":-0.9777526259422302},"size":11.95234203338623,"orthographic":false}