{"cameraMode":{"drawMode":0,"name":"Shaded","section":"Shading Mode"},"sceneLighting":false,"audioPlay":false,"sceneViewState":{"m_AlwaysRefresh":false,"showFog":true,"showSkybox":true,"showFlares":true,"showImageEffects":true,"showParticleSystems":true,"showVisualEffectGraphs":true,"m_FxEnabled":true},"in2DMode":false,"pivot":{"x":48.982234954833987,"y":0.3402720093727112,"z":0.910280704498291},"rotation":{"x":-0.09014928340911865,"y":0.02897455170750618,"z":-0.0026240921579301359,"w":-0.995505154132843},"size":7.8477559089660648,"orthographic":false}