{"cameraMode":{"drawMode":0,"name":"Shaded","section":"Shading Mode"},"sceneLighting":true,"audioPlay":false,"sceneViewState":{"m_AlwaysRefresh":false,"showFog":true,"showSkybox":true,"showFlares":true,"showImageEffects":true,"showParticleSystems":true,"showVisualEffectGraphs":true,"m_FxEnabled":true},"in2DMode":false,"pivot":{"x":19.219194412231447,"y":4.601222991943359,"z":44.677833557128909},"rotation":{"x":-0.005684729665517807,"y":-0.04467484727501869,"z":-0.00024857159587554634,"w":0.9989933371543884},"size":29.13823890686035,"orthographic":false}