{"cameraMode":{"drawMode":0,"name":"Shaded","section":"Shading Mode"},"sceneLighting":true,"audioPlay":false,"sceneViewState":{"m_AlwaysRefresh":false,"showFog":true,"showSkybox":true,"showFlares":true,"showImageEffects":true,"showParticleSystems":true,"showVisualEffectGraphs":true,"m_FxEnabled":true},"in2DMode":false,"pivot":{"x":35.37185287475586,"y":3.75346040725708,"z":-3.2143802642822267},"rotation":{"x":-0.137849360704422,"y":0.016933482140302659,"z":-0.0023569546174257995,"w":-0.9903098344802856},"size":0.0556643009185791,"orthographic":false}