{"cameraMode":{"drawMode":0,"name":"Shaded","section":"Shading Mode"},"sceneLighting":false,"audioPlay":false,"sceneViewState":{"m_AlwaysRefresh":false,"showFog":true,"showSkybox":true,"showFlares":true,"showImageEffects":true,"showParticleSystems":true,"showVisualEffectGraphs":true,"m_FxEnabled":true},"in2DMode":false,"pivot":{"x":58.31501770019531,"y":8.374587059020996,"z":8.71060848236084},"rotation":{"x":-0.0871923416852951,"y":0.012549012899398804,"z":-0.0010986716952174903,"w":-0.9961137771606445},"size":21.598329544067384,"orthographic":false}