{"cameraMode":{"drawMode":0,"name":"Shaded","section":"Shading Mode"},"sceneLighting":false,"audioPlay":false,"sceneViewState":{"m_AlwaysRefresh":false,"showFog":true,"showSkybox":true,"showFlares":true,"showImageEffects":true,"showParticleSystems":true,"showVisualEffectGraphs":true,"m_FxEnabled":true},"in2DMode":false,"pivot":{"x":42.257102966308597,"y":14.691996574401856,"z":-19.37493133544922},"rotation":{"x":0.04314405098557472,"y":0.17178739607334138,"z":-0.007529996335506439,"w":0.9841705560684204},"size":29.550918579101564,"orthographic":false}