{"cameraMode":{"drawMode":0,"name":"Shaded","section":"Shading Mode"},"sceneLighting":true,"audioPlay":false,"sceneViewState":{"m_AlwaysRefresh":false,"showFog":true,"showSkybox":true,"showFlares":true,"showImageEffects":true,"showParticleSystems":true,"showVisualEffectGraphs":true,"m_FxEnabled":true},"in2DMode":false,"pivot":{"x":3.0622191429138185,"y":-2.5559587478637697,"z":-8.018936157226563},"rotation":{"x":0.2758009135723114,"y":0.020605890080332757,"z":-0.0041246614418923859,"w":0.9609866738319397},"size":15.24543285369873,"orthographic":false}