{"cameraMode":{"drawMode":0,"name":"Shaded","section":"Shading Mode"},"sceneLighting":true,"audioPlay":false,"sceneViewState":{"m_AlwaysRefresh":false,"showFog":true,"showSkybox":true,"showFlares":true,"showImageEffects":true,"showParticleSystems":true,"showVisualEffectGraphs":true,"m_FxEnabled":true},"in2DMode":false,"pivot":{"x":-11.952699661254883,"y":-8.099163055419922,"z":10.25932502746582},"rotation":{"x":-0.14363987743854524,"y":0.048072874546051028,"z":-0.006986428517848253,"w":-0.9884393215179443},"size":20.288341522216798,"orthographic":false}