{"cameraMode":{"drawMode":0,"name":"Shaded","section":"Shading Mode"},"sceneLighting":false,"audioPlay":false,"sceneViewState":{"m_AlwaysRefresh":false,"showFog":true,"showSkybox":true,"showFlares":true,"showImageEffects":true,"showParticleSystems":true,"showVisualEffectGraphs":true,"m_FxEnabled":true},"in2DMode":false,"pivot":{"x":-67.56277465820313,"y":-11.39605712890625,"z":52.842498779296878},"rotation":{"x":-0.16337811946868897,"y":0.006505160592496395,"z":-0.001104418421164155,"w":-0.9865866899490356},"size":86.92861938476563,"orthographic":false}