{"cameraMode":{"drawMode":0,"name":"Shaded","section":"Shading Mode"},"sceneLighting":false,"audioPlay":false,"sceneViewState":{"m_AlwaysRefresh":false,"showFog":true,"showSkybox":true,"showFlares":true,"showImageEffects":true,"showParticleSystems":true,"showVisualEffectGraphs":true,"m_FxEnabled":true},"in2DMode":false,"pivot":{"x":-41.44544219970703,"y":2.612494945526123,"z":-9.414077758789063},"rotation":{"x":0.04791046306490898,"y":-0.12521477043628694,"z":0.006054197903722525,"w":0.9909635782241821},"size":11.259862899780274,"orthographic":false}